Hotel,Price,City,Address
Stratton Hotel Asokoro (Formerly BON Hotel Stratton Asokoro),"₦84,050","Asokoro, Abuja","Bola Ige Close, Mohammadu Ribadu Street, Off Shehu Shagari Way, Asokoro, Area 11"
Vita Di Lusso,"₦200,000","Maitama, Abuja","No. 8 Iller Crescent, Off Katsina Ala Street, Maitama"
S.A Mews Luxury Apartment,"₦120,000","Asokoro, Abuja",No.10 Ukpabi Ashika Street Off Yakubu Gowon Cresent
3J's Hotels,"₦88,600","Utako, Abuja",Plot 31 P.O.W. Mafemi Crescent.
Sheraton Abuja Hotel,"₦108,900","Maitama, Abuja","Ladi Kwali Way, Maitama, Abuja"
The Envoy,"₦80,000","Abuja, Abuja","305 Diplomatic Drive, Central Business District"
The Knot Abuja,"₦150,000","Asokoro, Abuja","No 30, Ty Danjuma Street, Asokoro,"
Fraser Suites Abuja,"₦120,000","Central Business District, Abuja","Plot 294, Leventis Close"
BON Hotel Abuja (Formerly Protea Hotel Abuja),"₦80,000","Maitama, Abuja","3 Negro Crescent, Maitama"
Mya Homes & Suites,"₦90,000","Maitama, Abuja",3 Missouri Street  Off Colorado Street  Maitama
The Envoy,"₦80,000","Abuja, Abuja","305 Diplomatic Drive, Central Business District"
Fraser Suites Abuja,"₦120,000","Central Business District, Abuja","Plot 294, Leventis Close"
Stratton Hotel Asokoro (Formerly BON Hotel Stratton Asokoro),"₦84,050","Asokoro, Abuja","Bola Ige Close, Mohammadu Ribadu Street, Off Shehu Shagari Way, Asokoro, Area 11"
Sheraton Abuja Hotel,"₦108,900","Maitama, Abuja","Ladi Kwali Way, Maitama, Abuja"
3J's Hotels,"₦88,600","Utako, Abuja",Plot 31 P.O.W. Mafemi Crescent.
The Knot Abuja,"₦150,000","Asokoro, Abuja","No 30, Ty Danjuma Street, Asokoro,"
Mya Homes & Suites,"₦90,000","Maitama, Abuja",3 Missouri Street  Off Colorado Street  Maitama
BON Hotel Abuja (Formerly Protea Hotel Abuja),"₦80,000","Maitama, Abuja","3 Negro Crescent, Maitama"
Vita Di Lusso,"₦200,000","Maitama, Abuja","No. 8 Iller Crescent, Off Katsina Ala Street, Maitama"
S.A Mews Luxury Apartment,"₦120,000","Asokoro, Abuja",No.10 Ukpabi Ashika Street Off Yakubu Gowon Cresent
The Palms Hotel ,"₦80,000","Central Business District, Abuja","Plot 269 Mohammadu Buhari Way, Central Business District"
Transcorp Hilton Abuja,"₦102,434","Maitama, Abuja","1 Aguiyi Ironsi Street Maitama, Abuja"
 SheilaMartins Apartment,"₦65,000","Katampe, Abuja",House 13 Harmony Court Katampa District
Carlton Apex Apartments,"₦72,000","Abuja, Abuja","Plot 154 Henry Nkemadu Street, Behind GAA School Kaura District"
Behere Nigeria,"₦64,500","Jabi, Abuja","Plot 8/9 ICS Drive Off Citech Road, Dakibiyu By Jabi"
L'eola Suites,"₦62,300","Central Business District, Abuja","5th Floor, Leadway House, Plot 1061, Herbert Macaulay Way, (by NNPC Towers) Central Business District."
The Francis Hotel,"₦60,000","Abuja, Abuja","Plot 423, Adekunle Fajuyi Street"
Sandralia Hotel,"₦65,000","Jabi, Abuja","No 1. SOlomon Lar Way, Jabi"
SV Chrome Hotel,"₦59,000","Jabi, Abuja","No. 101A Ebitu Ukiwe Street, Jabi, Abuja, FCT"
 Ateilier Boutique Hotels,"₦70,000","Asokoro, Abuja","12, Ukpabi Asika Street, Off Ajayi Crowther Street, Asokoro"
THE WELLS CARLTON HOTEL AND APARTMENTS,"₦57,000","Asokoro, Abuja","8 Gado Nasko Close, Off Jose Marti Street, Asokoro, Abuja, Nigeria"
Tofana Hotels And Apartments,"₦50,000","Life Camp, Abuja","Behind Skye Bank, Life Camp"
Summerset Continental Hotel,"₦57,500","Maitama, Abuja",73 Usuma Street
Benny Rose Hotel,"₦52,500","Garki, Abuja","Number 6, Umudioka Close, Off Ngwe Close, Area 3, Garki, Abuja."
Mace 3 Bedroom Serviced Apartment - Life Camp,"₦50,000","Life Camp, Abuja","Paradise Estate, Life-camp"
Ayalla Hotels,"₦49,000","Garki, Abuja","Off Ahmadu Bello Way,garki Area 11,ibi Close Behind Kia Motors,abuja."
Treasure Suites And Conferences,"₦50,000","Central Business District, Abuja","Plot 66, 1st Avenue By Shehu Shagari Way, CBD Abuja, Opposite Federal High Court H/Q"
Grand Pela Hotel And Suites,"₦55,000","AMAC, Abuja","Plot 649 Cadastral Zone, Durumi"
URBAN ROOTZ GUEST HOUSE,"₦47,250","Maitama, Abuja",Volta Street Maitama Abuja
LEZSCO LUXURY APARTMENT HOTEL,"₦52,000","Asokoro, Abuja","14, Otuoke Street, Asokoro Zone D, Off Gimbiya Street, Area 11 (Formerly 56, Onitsha Crescent ) Abuja."
De Franklin Apartments,"₦44,000","Gwarimpa , Abuja","1, Paul Muotolum Crescent, Plot 1010 Old Gwarimpa Road OffAsba & Dantata Street, Life Camp Abuja"
Stonehedge Hotel,"₦44,500","Central Business District, Abuja","1041 Kur Mohammed Street, Central Business District, Abuja"
Ibeto Hotels Abuja,"₦46,000",", Abuja","#34 David Ejoor Crescent   Apo, Gudu District   Abuja."
YOUR PLACE AT ASOKORO,"₦45,000","Asokoro, Abuja",# 1 JULIUS NYERERE CRESCENT ASOKORO
Golden Gate Hotel,"₦45,000","Wuse, Abuja","2, Tessaqua Street, Off Mombassa Street, Zone 5."
Peniel Apartments Abuja,"₦45,000","Wuse, Abuja","Plot 171 Adetokunbo Ademola Crescent, Off IBB Way,"
Rockview Hotel Royale,"₦44,203","Wuse, Abuja",196 CAD Zone A8 Adetokunbo Ademola Crescent
"HT-Oriental Serviced Luxury Apartment, Abuja","₦45,000","Wuse 2, Abuja","Pakali Close Off Aminu Kano Crescent, Wuse 2"
Valencia Hotels Abuja,"₦45,825","Wuse, Abuja","44 Blantyre Street, Off Adetokunbo Ademola Crescent"
Newton Park Hotel,"₦45,000","Wuse, Abuja","Plot 2175 Cadastral Zone, 8 Cape Town Street, Of Ibrahim Babangida Way, Wuse Zone 4, Abuja"
Chelsea Hotel (Central Business District) ,"₦43,650","Central Business District , Abuja","Plot 123 Cadastral Zone A0, Cadastral Zone"
Nicon Luxury,"₦40,191","Garki, Abuja",Plot 903 Tafawa Balewa Way Area 11
The Nordic Villa,"₦39,970","Jabi, Abuja","No. 52, Mike Akhigbe Way"
Alphaplus Apartments,"₦43,000","Jabi, Abuja","No 91 Ebitu Ukiwe Street, Jabi, FCT"
THE STATEMENT HOTEL,"₦40,000","Central Business District, Abuja","Plot 1002, 1st Avenue By Shehu Shagari Way, Opposite The Federal High Court Headquarters, Central Business District Abuja."
Lakewood Luxury Apartments,"₦40,000","Asokoro, Abuja","5 Margaret Thatcher Close Off Queen Elizabeth Street, Asokoro."
Summerset Continental Hotel (Asokoro),"₦40,000","Asokoro, Abuja","Plot # 104, Kwame Nkurumah, Off Thomas Sankara Street, Asokoro, Abuja (beside Ecowas Secretariat )"
Duchess Villa Grand Hotel,"₦40,000","Wuse 2, Abuja","15, Mondou Street, Wuse II, Abuja"
Ozidu House,"₦40,000","Maitama, Abuja",No 24 Osun Crescent Maitama
Immaculate Suites ,"₦40,000","Wuse, Abuja",Plot 110 Adetunko Ademola Crescent
Blackrock Apartments @ Villa,"₦39,600","Asokoro, Abuja","No. 9, Malcolm Fraser Street, Asokoro"
BON Hotel Elvis,"₦51,450","Wuse 2, Abuja","2 Monrovia Street, Wuse II"
Immaculate Platinum Luxury Resorts,"₦45,000","Wuse 2, Abuja","24, Lobito Crescent, Wuse 2"
 Hawthorn Suites By Wyndham,"₦39,200","Garki, Abuja","1 Uke Street, 900001, Area 11."
The Corinthia Villa H﻿otel & Suites,"₦38,000","Garki 2, Abuja","No 9, Arochukwu Street, Area 11, Old CBN By Old Ferma, Garki 2"
Reiz Continental Hotel,"₦36,190","Garki, Abuja","Plot 779, Cadastral Zone AO,Central Business District"
QUALIBEST GRAND HOTEL,"₦36,000","Utako, Abuja","51 M.L. Wushishi St, Utako, District, Abuja"
Chelsea Hotel (Wuse 2),"₦39,900","Wuse, Abuja","Plot 374 E, Adetokunbo Ademola Crescent."
BON Hotel Apo Residence,"₦36,000","Apo, Abuja","2 Ahmadu Bello Way, Apo, (Opposite Legislative Quarters)"
Bolton White Hotels ,"₦39,500","Garki, Abuja","7 Gwandu Street Opposite Sahad Stores Area 11, Garki 2, Abuja"
Villa Picasso (Abuja),"₦33,000","Maitama, Abuja","22 Gana Street, Maitama, Abuja. ( Opposite Transcorp Hilton Hotel)"
Gombe Jewel Hotel,"₦32,500","Wuse, Abuja",22 N'djemena Street
"Rockview Hotel Classic, Wuse","₦33,605","Wuse, Abuja",Plot 194 Cadastral Zone A8 Adetokunbo Ademola Crescent
Quo Vadis Hotel,"₦33,000","Wuse 2, Abuja",Tarkwa Close
Sigma Apartments,"₦33,000","Wuse 2, Abuja","1 Embu Street, Off Aminu Kano Crescent"
Bon Hotels Grand Towers,"₦32,000","Katampe, Abuja",Plot 1139 Cadastral Zone
Rosebud Hotel And Apartment ,"₦35,000","Central Business District, Abuja",Plot 1042 Kur Mohammed Way Ekiti House
The Ambassador International Resort And Suites,"₦32,000","Jabi  , Abuja","6, Patrick Bokkor Crescent, Off Ebitu Ukiwe Street, Jabi"
Denis Hotel,"₦35,000","Wuse, Abuja","Plot 910, Malabo Street, Off Aminu Kano Crescent"
Tenache Hotels ,"₦32,000","Maitama , Abuja","No 3 Missouri Street, Off Colorado Minister's Hill Maitama Abuja."
Statement Hotel,"₦30,000","Central Business District, Abuja","1002 Ahmadu Bello Way, Phase ,1 Beside Abia House"
Jades Hotels,"₦29,900","Wuse, Abuja","No. 24 Ndola Crescent Opposite NYSE Secretariat, Zone 5 Wuse Abuja"
Newton Park Hotels And Resorts Limited Annex,"₦31,500","Wuse 2, Abuja","Plot 24 Alexander Close Off Ahmadu Bello Way, By Bannex Junction, Wuse 2, Abuja"
AES Luxury Apartments,"₦30,000","Jabi, Abuja","Plot 1118 Daki Biu District, Jabi/Airport Road"
Caledonian Suites,"₦40,000","Maitama, Abuja","21 Usuma Street, Off Gana Street, Maitama"
Iris Hotel Abuja,"₦30,550","Wuse 2, Abuja","34 Lingu Crescent, Off Aminu Kano Crescent, Wuse 2"
Mayfair Hotel Abuja,"₦30,000","Maitama, Abuja","2 Danube Street, Off IBB Way, Maitama"
Nugget Hotels,"₦27,500","Utako, Abuja",Plot 129 Okotie Eboh Crescent
WAXRIDE RESIDENCE,"₦28,750","Life Camp, Abuja","Plot 728 Olu Agabi Close, By Tak Continental Estate, Life Camp Abuja"
Inkova Suites,"₦29,700","Life Camp, Abuja","Plot 453 Cadastral Zone Off Femi Kila Street Efab Estate Road, Life Camp"
E-Suites,"₦25,000","Asokoro, Abuja",No. 21 Jesse Jackson Street Off Jimmy Carter Street By Protea Asokoro
Zizi Apartment Abuja,"₦25,200","Garki, Abuja","115 Emeka Anyaoku Street, Area 8 Garki"
1 Oak Place,"₦25,800","Maitama, Abuja",NO. 38 Euphrates Street Maitama
"BARCELONA HOTELS, ABUJA","₦25,200","Wuse 2, Abuja","23 Blantyre Street, Off Aminu Kano Crescent, Wuse II"
The Manal Hotel & Resort,"₦27,000","Utako, Abuja","Plot 1001, Ibrahim Tahir Lane, Off Shehu Musa Yaradua Way Abuja"
Sheer Luxury Apartments ,"₦25,000","Garki 2, Abuja",Plot 1659 Sapele Street Off Akintola Boulevard
Casalinda Hotel ,"₦28,500","Wuse 2, Abuja","6 Takwa Crescent, Wuse 2 , By Exclusive Stores"
Ville Regent Hotel ,"₦25,000","Wuse, Abuja","Plot 1247, Aminu Kano Crescent"
Cubana Suites,"₦25,000","Maitama, Abuja","20 Yadseram Street, Maitama,"
KINDEA HOTELS ( Formerly Lake Chad Palace Hotel),"₦25,000","Maitama, Abuja",No. 4 Lake Alau Close Off Lake Chad Crescent IBB Boulevard
Starview Palace Hotel,"₦25,000","Gwarinpa, Abuja","Plot 7, 4th Avenue (by Setraco Gate)"
Royalton Hotels Abuja,"₦25,000","Area 2 Garki, Abuja","No. 16, Gongola Street, Off Moshood Abiola Way, Via Aces Nursery, Primary And Secondary School Junction, Area 2, Garki FCT"
Zees Luxury Hotel,"₦25,000","Garki, Abuja","Plot 718 Sentinel Crescent, Off American International School Road, Durumi, FCT, Abuja."
Commodore Suites,"₦25,000","Wuse, Abuja",Plot 432 Kumasi Crescent Off Aminu Kano Crescent
Madugu Hotels ,"₦25,000","Jabi, Abuja",18 Ebitu Ukiwe Street Jabi
Champions Lodge,"₦25,000","Asokoro, Abuja",Plot 3347 Justice Lawal Uwais Street
"THE MAYFAIR LUXURY SERVICED BEDROOM APARTMENT, ABUJA","₦25,000","Maitama, Abuja","15b Mekong Street, Off Euphrates Crescent, Maitama"
Alim Royal Hotel And Suites.,"₦25,000","Mabuchi, Abuja","Plot 9, A02 Cadastral Zone Ahmadu Bello Way, Mabushi, Abuja"
Georgio Hotel And Resort,"₦25,000","Maitama, Abuja",2 Asa Street By Salt Lake Off Gana Street
IVANA SUITES APARTMENTS,"₦25,000","Wuse2, Abuja","NO.20 LINGU CRESCENT, OFF AMINO KANO CRESENT, WUSE 11 , ABUJA."
Inti's Royal Suites,"₦23,000","Garki 2, Abuja","Plot 287, Ladoke Akintola Boulevard"
Hotel Reno,"₦23,500","Katampe, Abuja","Plot 1068, Off Nnamdi Azikiwe Express Way, Opposite NICON Junction, Katampe District"
Noktel Resort Apartment – Jabi,"₦25,000","Jabi, Abuja","Plot 903 Olu Awotesu Street, Jabi"
Heavenly Royal Apartments,"₦24,150","Katampe, Abuja","No.43 Patrick Yakowa Street Close To Federal Inland Revenue,katempe Extension Opp.gwarimpa"
Kapital Klub ,"₦23,000","Asokoro, Abuja","No 3, Gamal Abdul Nasser Close, Near World Bank, Asokoro, Abuja, FCT."
Bolton White Apartment,"₦35,000","Wuse 7, Abuja","31 Kigoma Street, Opp. Federal Road Safety Agency"
Western Dreams Hotel,"₦23,000","Jabi, Abuja","Plot 387 Idris Ibrahim Crescent, Opposite Golf Course"
Sun Heaven Hotel Asokoro,"₦23,000","Asokoro, Abuja","36 Manman Nasir, Asokoro,"
Hotel De Bently,"₦23,750","Utako, Abuja","894, N, Okonjoiweala Way, Utako, Abuja"
Onyx Hotel ,"₦24,000","Garki, Abuja","12 Ayedun Close, Off Gwandu Street, By Sahad Stores, Area 11"
Marlene Suites And Hotel,"₦22,000","Gwarinpa, Abuja","Plot 485, Wole Soyinka Avenue, Gwarinpa (2nd Avenue)"
Nippon Grand Hotels,"₦22,000","Kado, Abuja","Plot 102 Ahmadu Bello, Kado Express Way, Opp Nest Cash"
Grand Cubana Hotel,"₦22,500","Jabi, Abuja","6 Ebitu Ukiwe St,"
Pearl Manor Luxury Suites,"₦22,500","Galadimawa, Abuja","10/18, Osun Street, Suncity Estate"
Ishakool Hotel,"₦22,000","Garki 2, Abuja","No 5, Oke- Agbe Street Off Ladoke Akintola Boulevard, Garki 2"
Vines Hotel,"₦23,000","Durumi, Abuja","1104, Mohammed N. Umar Lane, Durumi"
Hans Place,"₦22,000","Asokoro, Abuja","No. 14, Plot 583A, Ganassingbe Eyadema Street"
Residency Hotel Area 11,"₦22,000","Garki , Abuja","Plot 4 Port Harcourt Crescent, Garki"
The Pennsylvania Avenue Hotel And Suite,"₦22,000","Utako, Abuja","Plot 42, IBM Haruna Crescent Behind Utako Market"
Idyll Fountain And Gardens Hotels,"₦22,000","Wuse, Abuja","Plot 4350, Andola S, Wuse, Zone 5."
"Top Rank Hotels Galaxy, Asokoro","₦20,562","Asokoro, Abuja","No 23 HASSAN MUSA KATSINA Street, Beside The New River State Gov's Lodge Asokoro, After Jamaican High Commission Off Justice Sowemimo Street, Asokoro"
Residency Hotel Guzape Abuja,"₦21,000","Guzape, Abuja","(Plot 740 Nasir El-Rufai Crescent, Asokoro Extension Guzape Hills (5 Minutes Away From City Center), Near COZA Church)."
Newcastle Hotel,"₦20,405","Wuse, Abuja","7 Kumasi Crescent, Off Aminu Kano Crescent"
Pauliham Hotels ,"₦20,925","Gwarinpa, Abuja","Plot 520, 1st Avenue, Opposite Naval Quaters"
Petrus Hotels Royale,"₦21,250","Garki, Abuja","7, Agatu Street Off Gimbiya Street, Off Ahmadu Bello Way, Area 11."
Hotel De Horizone,"₦21,850","Wuse, Abuja","Plot 5, Kandi Close, Off Aminu Kano Crescent, Wuse II, Abuja"
Tranquil Mews Boutique Hotel,"₦20,250","Utako, Abuja","Plot 1079, Behind Julius Berger Head Quarters, Off Ngozi Okonjo Iweala Way, By Good Tidings Church, Utako"
The Missouri Hotel,"₦20,000","Maitama, Abuja","8, Missouri Street, Off  Colorado Close Minister's Hill."
VYNEDRESA HOTEL ABUJA ,"₦20,000","Garki , Abuja","8 Uyo Crescent, Off Emeka Anyaoku Street, Area 11, Garki,Abuja"
Pearl Gate Hotel,"₦20,000","Wuse Zone 4, Abuja","11 SUEZ CRESCENT, SANI ABACHA ESTATE, OFF LADI KWALI WAY, ZONE 4,WUSE, ABUJA."
FINMARK APARTMENTS,"₦20,000","Apo, Abuja","7, EVANS ENWEREM STREET, NATIONAL ASSEMBLY QUATERS ZONE A, APO"
Pennsylvania Avenue Hotel,"₦20,000","Utako, Abuja","24 I. B. M. Haruna, Utako,"
Capital Roost,"₦20,000","Maitama, Abuja","2, Victoria Falls, Maitama. Off Lasale Street By CBN Training Institute, Abuja, Nigeria"
Swiss Pearl Continental Hotel,"₦20,000","Wuse 2, Abuja","No. 3 Koforidua Street, Wuse Zone 2"
LaVila Hotels,"₦20,000","Gwarinpa, Abuja","1085, 69 Rd, Gwarinpa Estate, Abuja, Nigeria"
Lavender Suites Abuja,"₦25,000","Jabi, Abuja","No 6 Etang Obuli Crescent, By Idris Ibrahim Off Obafemi Awolowo Way, Jabi"
HEARTLAND PLACE AND EVENT HOTEL,"₦20,000","Central Business District, Abuja",N0.82 Ralph Shodeinde Street (NEXT TO RIVER'S HOUSE) Opp. Federal Ministry Of Finance
Lake Crescent Hotel,"₦20,000","Jabi, Abuja","No 29, Umaru Dikko Street, Jabi, Abuja"
D White Royalty Place - Maitama,"₦20,000","Maitama, Abuja","No, 29 Ontario Crescent, Off Mississippi Street, Maitama 900271"
The Duchess Hotel And Spa,"₦20,000","Maitama, Abuja","N0 2, Lake Valencia Crescent, Off Limpopo Street Maitama"
Emzrel Hotels And Suites,"₦19,000","Wuse, Abuja",Plot 797 Ademola Adetokumbo Crescent
Ojays Guest House,"₦19,000","Kaura, Abuja","23/25 Drive 6, Phase 2 Prince And Princess Estate"
 Hotel Rosebud,"₦18,400","Garki, Abuja","33 Port Harcourt Crescent Off Gimbiya Street, Garki, Area 11,"
Saabhi's Place,"₦19,000","Wuye, Abuja","Plot 1191, Off Reuben Okoya Crescent, Wuye District, Abuja"
Sharon Ultimate Hotels,"₦19,000","Garki, Abuja","Plot 1710, Tafawa Balewa Way, Area 3"
"The Capital Apartments, Abuja","₦18,900","Asokoro, Abuja","No 4 Tito Broz Off Jimmy Carter Avenue, Asokoro"
"Crown Apartments Extended Stay Suites,Abuja","₦18,750","Asokoro, Abuja","Plot 1373 (NO3) Justice Atanda Fatai Williams Street, Asokoro"
Agura Hotel,"₦19,500","Garki, Abuja","Moshod Abiola Road, P.M.B 40 Abuja,Nigeria."
"Top Rank Hotels Galaxy, Abuja","₦18,400","Abuja, Abuja","Plot 245, Pow Mafemi, Off Solomon Lar Way, Utako, Abuja, Utako, Nigeria ,"
Nordic Hospitality Suites,"₦18,500","Jabi, Abuja",No 14 Patrick O Bokkor Cresent Jabi
1st Forty Hotel,"₦17,800","Wuse, Abuja","Plot 38, Aminu Kano Crescent"
Parkview Hotels,"₦17,500","Wuse, Abuja","Plot 2390, Takoradi Street, Opposite Amusement Park, Wuse Zone 1, Abuja, Nigeria"
Bjorne Suites,"₦18,000","Wuse 2, Abuja","28 Agadez Crescent, Off Aminu Kano Crescent"
Residency Hotel Utako Abuja,"₦18,000","Utako, Abuja",36 Moses Majekodunmi Street Zone B05 Utako
Barca Liga Hotels,"₦18,000","Apo, Abuja","Franca Afegbua Crescent, Gudu District, Near Zone E, Apo Legislative Quarters"
Esenyo Luxury Apartments And Villa ,"₦18,000","Kado, Abuja","Plot 335 Water Park Road, Kado District By Navy Quarters"
"Vichi Gates Hotel, Abuja","₦17,500","Mabuchi, Abuja",1499 Ahmadu Bello Way Zone B06 Zipcode - 900108. Mabushi
DWELL APARTMENTS,"₦18,000","Maitama, Abuja","No. 21 Ganges Street, Off Alvan Ikoku Way, Minister's Hill Maitama"
 Casa Estrella Hotel,"₦18,000","Maitama, Abuja","Plot 2, Sakuru Close, Off Rima Street, By El-Amin Int'l School And Signature House"
Bolingo Hotel And Towers,"₦18,000","Central Business District, Abuja","Independent Avenue Central Business District, Garki P. O. Box 4654"
Citi Lodge Hotel,"₦16,000","Garki , Abuja","Plot 595 Durumi Road, Area 1, By Old Secretariat"
Kapino Suite,"₦17,000","Wuse 2, Abuja","Plot 128 Aminu Kano Crescent, Wuse 2"
House 9 Apartments,"₦15,750","Maitama, Abuja","#9 Ontario Crescent, Off Mississippi Street,maitama Abuja."
Febson Hotels,"₦16,000","Wuse, Abuja",Plot 2425 Herbert Macaulay Way
Palmac Hotels,"₦16,000","Asokoro, Abuja","Plot 2430, Muhammadu Ribadu Street, Near Force Quatrers"
"Prixair Hotel, Maitama","₦16,000","Maitama, Abuja","No. 46, Euphrates Crescent, Off Aguiyi Ironsi Street"
La Don Hotels,"₦16,000","Jabi, Abuja",No 2 Ndagi Mamudu Close Opposite Police Quaters
Arcade Club Suites,"₦16,000","Central Business District, Abuja","Plot 68 1st Avenue By Shehu Shagari Way, Central Business Area"
The Grand Mirage Hotel,"₦15,750","Garki, Abuja",36 Port Harcourt Crescent Off Gimibiya Street  Area 11
TOKKE HALAL APARTMENT,"₦16,000","Utako, Abuja",N0.2 AHMADU ALI CRESCENT BEHIND NUGGET HOTEL UTAKO ABUJA
Bel Classcia (Former Durban Suites),"₦15,650","Abuja, Abuja","No 36,Durban Street,Off Adetokunbo Ademola Cresent,Wuse II, Abuja"
D’Stolz Villa & Hospitality ,"₦15,200","Life Camp, Abuja","Plot 552E, Behind Urban Shelter Phase 2, Bellavue Residence, Idris Salmaho Close, Life Camp"
MMM House,"₦15,500","Garki 2, Abuja","Plot 124, Ladoke Akintola Boulevard, Garki 2"
Grand Ibro Hotel Annex,"₦17,000","Wuse Zone 5, Abuja",36 Sokode Crescent
 New Blue Diamond Hotel(Formerly Rosebud Hotel) ,"₦15,000","Gwarinpa, Abuja","Plot C56 5th Avenue, Tai Solarin Avenue Gwarinpa Estate II"
Kings Court Apartment ,"₦15,000","Abuja, Abuja",Plot 107 Games Village Kuara District
Centurion Apartments,"₦15,000","Wuse Zone 4, Abuja","30, Kitwe Street, Wuse Zone 4"
"Georgetown Hotel, Gwarinpa","₦15,000","Gwarinpa, Abuja","Plote C126, 1st Avenue Back Of Agate Hotel Gwarinpa Abuja."
Chateau De Trybze,"₦15,000","Wuse, Abuja","51 Suez Crescent Abacha Estate , Behind Sheraton Hotels And Towers,"
Alpina Lodge (Former Ascort Hotels),"₦15,000","Wuse, Abuja","Plot 92, Yaounde Street, Zone 6"
WestPoint Hotel,"₦15,000","Wuse, Abuja",Behind NAFDAC Office Plot 2038 Masaka Close Wuse Zone 7
Gloriana Hotel ,"₦15,000","Garki, Abuja","No 4-6 Okene Street, Area 2 Section 2, Garki. Abuja"
Sentinel Apartments And Suites,"₦15,000","Area 1, Abuja","Plot 709, Cadastral Zone, By VIO Office, Behind CAC Church"
The Alexis Hotel And Conference Center,"₦15,000","Jabi, Abuja","Plot 693, Obafemi Awolowo Way, Zone B4, Jabi  Abuja"
Big Pepper Apartment,"₦15,000","Jabi, Abuja","70 Ebitu Ukiwe St, Jabi"
Belvoir Hotel,"₦15,000","Wuse, Abuja","73 Lome Crescent, Opposite Omega Hotel"
Tauba,"₦15,000","Abuja, Abuja","Plot 1001 Ibrahim Tahir Lane, Off Shehu Musa Yaradua Way, Abuja"
Bamboo House,"₦15,000","Maitama, Abuja",3 Salt Lake Off Usuma Street
Chida International Hotel,"₦15,000","Utako, Abuja","Plot 224, Solomon Lar Way, Utako District, Abuja"
Maple Apartment,"₦15,000","Life Camp, Abuja","Salisu Lliyasu Street, After Holy Family Catholic Church, Life Camp, Abuja. 5 Minutes Away From Wuse"
House X,"₦15,000","Wuse , Abuja","Plot A25 Faplins Estate, Dakwo District. Abuja"
"K-Hill Apartment, Abuja","₦15,000","Katampe, Abuja","Plot 1106  Katampe Cadastral Zone B07, Katampe"
312-Resort,"₦15,000","Gwarinpa, Abuja","1 Ango Abdullahi Street, Off Christiana Okunuga Street,112 Road 1st Avenue"
Glitaz Apartment ,"₦15,000","Apo, Abuja","Plot 1047 Zone D Apo Resettlement, Apo"
Margarettas Classic Suites ,"₦14,300","Utako, Abuja","Plot 510, Wushishi Crescent ( Off Okonjo Iweala Crescent, Utako, Abuja)"
Kryxtal Suites Wuse 2,"₦14,400","Wuse 2, Abuja","120, Aminu Kano Crescent"
"Prixair Hotels, Wuse","₦14,500","Wuse, Abuja",14 Cotonou Crescent Off Bissau Street Behind Former Nitel Head Quarters
The Edge By Wellness,"₦14,997","Gwarinpa, Abuja","No.1 C-Close, 4th Avenue, Citec Villa, Gwarinpa"
Stanzel Grand Resort,"₦14,502","Gwarinpa, Abuja","Plot C103, Along A Close, Off 1st Ave., Behind Fidelity Bank, Gwarinpa Est"
Numero Uno Hotels ,"₦14,500","Gwarinpa, Abuja","95A, Sa'ad Zungur Street, 4th Avenue, Gwarinpa, Abuja"
Royal Choice Inn,"₦14,000","Central Business District, Abuja","Beside The National Christian Centre, Behind CBN, Central Business District"
Matrix Hotel ,"₦13,500","Wuse, Abuja",135 Ademola Adetokunbo Crescent
Pope John Paul Catholic Guest House,"₦13,100","Wuse, Abuja","Pope John Paul Ll Catholic Centren 27, Bangui Street, Off Ademola Adetokunbo Crescent"
Firstmak Hotels & Resorts    ,"₦13,500","Garki 2, Abuja","Plot D51 Nsukka Street, Garki 2, (landmark: Beside Ecwa Church)"
Falak Grand  Hotel ,"₦14,000","Garki, Abuja",Plot 7  Oro Ago Street . Opp Old  Ferma Office Now Nesrea. Off Mohammad Buhari Way  .  Near  Old  CBN  Garki  2  Abuja
Amso International Hotels,"₦13,500","Wuse Zone 6, Abuja",Plot 85 Yaounde Street
Boardwalk Hotel,"₦15,000","Wuse, Abuja","No 43b Khartoum Street, Off Accra Street, Wuse Zone 5, Abuja."
Hemas Hotels ,"₦18,000","Life Camp, Abuja","No 2 Adamu Fika Street, Life Camp"
NELSENO HOTEL,"₦14,000","Wuse, Abuja","No. 12 Bamako Street, Wuse Zone 1, Wuse"
Angel Park Place Hotel,"₦13,500","Utako, Abuja","Plot 22, F Okotie Eboh Crescent, Behind Chisco Bus Terminal, Utako, Off Julius Berger Junction, After Utako Market, FCT"
Harmonia Hotel,"₦12,650","Garki, Abuja","Plot 896 Gimbiya Street (By Rachel Eye Clinic Center) P.O.Box 11137, Area II"
New Golden Hotel,"₦12,960","Wuse, Abuja","21 Kigoma Street, Wuse Zone 7"
La Pour Hotel,"₦13,000","Utako, Abuja","Plot 794, Okonjo-iweala Way, Utako District, Opp Good Tiding Church, Abuja"
Siman Suites Hotel,"₦12,750","Garki, Abuja","Plot 2163 Area 11, Malumfashi Close"
Crystal Palace Hotel,"₦12,900","Garki, Abuja","29, Plot 687, Port Harcourt Crescent, Off Ahmadu Bello Way, Off Gimbiya Street, Area11."
Grand Ibro Hotel,"₦13,000","Wuse, Abuja",2121 Micheal Okpara Road Opposite Shelter Plaza
B's Hive Hotels And Suites,"₦12,750","Gwarinpa, Abuja","81, 4th Avenue, CITEC Villas"
Auris Court Suites ,"₦13,000","Mabushi, Abuja",Plot 550 Cadastral Zone B06 Off VIO Office; Next To Crown Court
Kudina Luxury Apartments,"₦13,000","Gwarinpa, Abuja","Plot 24, Block V, Federal Ministry Of Works & Housing Estate, Gwarinpa"
House 6 Apartment,"₦13,000","Garki, Abuja",No. 6 Gashua Close Area 8
Sinoni Lodge,"₦15,000","Wuse, Abuja",40 Birao Street
Paris Le Lodge ,"₦12,000","Abuja, Abuja","Plot 177A, 441 Crescent, CITEC Villa, Gwarinpa Abuja"
"Dannic Hotels, Garki Abuja","₦12,000","Garki, Abuja","Plot 93 Oyo Street, Off Moshood Abiola Way, Area 2, Garki, Abuja."
Babcock Guest House,"₦12,000","Wuse, Abuja","11, Hombori Street, Off Freetown Street"
The Alma Place Hotel,"₦12,000","Wuse, Abuja",3 Yawuri Street Opposite Taraba State Liason Office (by Rita Lori Hotel) Garki 2 Abuja
House 14,"₦12,000","Wuse 2, Abuja","14 Kudang Street, Off Moronvia  Street"
Vine Apartment,"₦12,000","Garki, Abuja","No 13, Ogbomosho Street, Area 8, Garki"
Chesbury Hotel,"₦12,420","Wuse, Abuja",Plot 2190 Gwani Street
The Weaver's Hotel,"₦12,000","Central Business District, Abuja","Plot 74 Ralph Shodeinde Street, Ogun State House Opposite Federal Ministry Of Finance/NACA"
" NIAS Events & Suites, Abuja","₦12,500","Jahi, Abuja","No. 167 Cadastral Zone B.09,  Behind Nawa Plaza, Jahi"
Havista Hotels Limited,"₦11,700","Asokoro, Abuja",24 Mungo Park Close Via Shehu Shagari Way By Deeper Life Junction Area 11
Aries Court Apartment,"₦12,000","Abuja, Abuja","House 1, Andorra Crescent, Sun City Estate, Galadimawa"
Peace Haven Hotel,"₦11,000","Wuye, Abuja","112 Olusegun Obasanjo Way, Wuye, FCT"
Pechez International Hotels ,"₦11,590","Wuse, Abuja",1 Ajesa Street Opp Drum Stix Off Aminu Kano Crescent
Bristlecone Suites And Apartments,"₦12,000","Asokoro, Abuja","71 Kwame Nkrumah Crescent, Asokoro"
 Kriscane Suites,"₦10,992","Gwarinpa, Abuja","Plot 21, Mamman Shata Street"
Vinotel Hotel,"₦10,900","Asokoro, Abuja","N0. 35 Nelson Mandela Street, Off ECOWAS Secretariate"
Abuja Bays Garden Hotels Limited,"₦11,000","Wuse, Abuja","No 3 Port Novo Crescent Wuse Ll, Abuja"
 Kebbi Hotel,"₦11,500","Central Business District, Abuja","Plot 70, Kur Mohamed Street, Off Ahmadu Bello Way"
Dreamland Suites,"₦11,500","Jabi, Abuja","No 4 Amisi Musa Street Off Alex Ekwueme Way, Opp Jabi Lake"
Nigerlink  Hotels Limited,"₦10,200","Wuse, Abuja","Plot 4 Malanje Street,  Abuja Municipal"
De-Dominic Suites ,"₦10,500","Gwarinpa, Abuja","F Close, First Avenue, Gwarinpa Estate"
Yaban Hotel,"₦10,750","Wuse, Abuja","21 Alexandria Crescent, Off Aminu Kano Crescent"
Serob Legacy Hotels,"₦10,500","Wuse, Abuja",Plot 686/687 Idris Gidado Street
"Hatfield Apartments, Jabi","₦14,000","Jabi, Abuja","11 Etang O. Obuli Crescent Off Idris Ibrahim, Crescent By Jabi Golf Course, Jabi"
House 797,"₦10,500","Wuse, Abuja",Plot 797 Ademola  Adetokunbo Crescent Opposite White House
Arewa Suites,"₦10,350","Central Business District, Abuja","Samuel Adesoji Ademulegun Street, Off Central Herbert Macaulay Street"
Laropa Luxury Suites,"₦10,550","Gwarinpa, Abuja","House 54, 21 Road,  2nd Avenue"
Beverly Hills Hotels ,"₦11,500","Wuse , Abuja",62 Aminu Kano Crescent
Habitat Guest House,"₦10,500","Gwarinpa, Abuja",2 Stephen Oronsaye Street Off Sa'adu Zungur 4th Avenue Near Setraco Gate.
Green Mike Hotel Formerly (Royal Tropicana Hotel),"₦10,000","Utako, Abuja","Plot 764, Cadastral Zone B05, Utako"
Purple Tulip Hotel And Resort,"₦10,000","Gwarinpa, Abuja","Plot 420, 4th Avenue, Gwarinpa, Abuja."
Pedallo Inn Hotel,"₦10,000","Gwarinpa, Abuja",Plot 491 A Close Second Avenue By Nepa Road
Oxford Hotels,"₦10,000","Wuse, Abuja","26, Suez Crescent, Abacha Estate, Wuse Zone 4, Abuja"
Ajoy Hotels ,"₦10,000","Gwarinpa, Abuja","Plot 757, 69A Road 2 Crescent, Gwarinpa Estate."
Ritman Hotels,"₦10,000","Garki, Abuja","11 Ilorin Street, Area 8"
Cosy Rest Guest House,"₦10,000","Gwagwalada, Abuja","Plot 9/10, Custom Layout, Opposite Gwagwalada Specialist Hospital"
Dayspring Hotels,"₦10,000","Wuse, Zone 6, Abuja","4, Juba Street, Zone 6, Wuse District, Abuja"
Degok Hotel Limited,"₦10,000","Gwarinpa, Abuja","House 13 And 14, A Close, 3rd Avenue Close To Gwarinpa Village Market, Opposite Ebony Hospital"
Concordia Luxury Apartments (Formerly Coded Suite Limited),"₦10,000","Durumi, Abuja","Plot 201 Durumi District, Off Oladipo Diya Road Opposite Games Village, Abuja."
Stamford Hotels ,"₦9,500","Kubwa, Abuja",26 / 28 Olukoya Street Extension 3 By Army Post Service Scheme
Grange Hill Abuja,"₦9,750","Mpape, Abuja","Plot A26, Mpape Hills, Abuja, Lagos"
Peace Royal Resort,"₦10,000","Gwarinpa, Abuja","Plot 88, 43 Crescent 4th Avenue"
"Apple Suite Formerly (Kay Kryxtal Suites, APO)","₦10,000","Apo, Abuja","Behind AP Filling Station, Near APO Legislative Quarters, Apo"
Mummy's Guest House,"₦9,500","Utako, Abuja","20, Moses Majekodunmi Crescent"
FRANKEYZ HAVEN SUITES,"₦9,500","Gwarinpa, Abuja","38/40, 1st Avenue (between NNPC Filing Station And Drumstix), Gwarinpa Estate"
JOY HOUSE HOTEL AND SUITES ,"₦10,000","Garki, Abuja","1077 Cadestral Zone, Area 3 Junction, Garki"
Valton Hotels Ltd,"₦10,000","Garki, Abuja","Plot 1933, Road 9, Apo Resettlement Estate, Apo"
Ritman Hotels Gwarinpa Branch,"₦9,500","Gwarinpa, Abuja",5 Christina Ajayi Okunuga Street (Road 11)
House 919 Suites,"₦9,900","Lugbe, Abuja","Plot 919 1(W) Road, 1st Avenue,  (Close To The Lugbe Fruit Market) FHA Lugbe"
Jovidat Suite,"₦9,300","Jabi, Abuja","Plot 518 Olu Arootesu Street , Behind Mr Biggs"
Golden Astoria Hotels,"₦9,000","Utako, Abuja","No. 9, Moses Majekodunmi Crescent"
H3 Apartments,"₦9,500","Wuse, Abuja","3, Savaluo Street, Wuse Zone 4"
Ivory Suites,"₦9,070","Wuse, Abuja",No. 5 Port Faid Street By Old Sahad Store
Rodze Hotel,"₦10,000","Wuse Zone 5, Abuja","Plot No27, Duola Street, Wuse Zone 5,Abuja"
Brickland Residence ,"₦9,200","Wuse Zone 6, Abuja",32 Kinshasha Street Opposite Foreign Affair Quarters Back Of Primary School.
Dumeros GH,"₦9,000","Gudu, Abuja","Block D24, 24th Street, Games Village Estate, Gudu"
The Bahamas Hotels International,"₦9,000","Asokoro, Abuja","20, Eyadema Street, Behind Ecowas Secretariat"
Sumed Suites,"₦9,000","Gwarinpa, Abuja",Commercial Layout By 1st Avenue Behind LG Office
Tescon Hotel,"₦10,500","Lugbe, Abuja","Plot 338 Lugbe Phase 1 Layout, Airport Road, Abuja"
Frankville Hotel Ltd,"₦8,500","Karu, Abuja","FMEV Quaters , (Formerly Nepa Quaters), E10/9076, Karu"
World Class Hotel ,"₦8,400","Mpape, Abuja",Plot K114 Patrick Aren Avenue Mpape Abuja (Beside Police Mopol Quarter Mpape)
 Villa U Hotels,"₦8,600","Wuse, Abuja","N0. 29, Plot 733, Alexandria Street, Off Aminu Kano Crescent"
Chinox Guest Inn,"₦8,900","Wuse Zone 6, Abuja",Plot 12 Cotonou Crescent
Maitama Guest House,"₦8,100","Maitama, Abuja","25, Yedsaram Street"
CJ Planet International Hotel,"₦8,500","Garki, Abuja","Plot 598, Durumi Road,  Off Old Federal Secretariat, Area 1"
12th April Resorts Hotel,"₦8,900","Gwagwalada, Abuja","113 Commercial Layout, Hospital Road Gwagwalada"
Day Spring Hotel,"₦8,100","Wuse, Abuja",Plot 4 Juba Street
Summit Villas Suites ,"₦8,400","Gwarinpa, Abuja","Life Camp Junction, Opposite AP Filling Station"
Canopy Hotels,"₦8,500","Utako, Abuja","No. 24, Moses Majekodumi Crescent"
LUXRITEL HOTELS LTD,"₦8,000","Gwarinpa, Abuja","House 11, 442 Crescent, Citac Villas, Gwarinpa"
De Agape Regency Hotels Limited,"₦8,000","Wuse, Abuja","Plot 11, Amino Kano Crescent"
Diamond Suites Hotel ,"₦10,000","Utako, Abuja","19, Moses Majekodumi, Utako, Along Edo Line Transport,"
Crown Princess Hotels,"₦8,500","Wuse, Abuja","53 Lome Crescent Plot 1760 Beside Standard Organization, Wuse Zone 7"
Paint House Hotel,"₦8,000","Gwarinpa, Abuja","No1, 211Road, 2nd Avenue Gwarinpa"
Maz Hotel,"₦8,000","Gwagwalada, Abuja","15 Lake City Avenue Phase 1, Gwagwalada"
Church House Hotel,"₦8,000","Wuse, Abuja",Doula Street
 Whytewaters Hotels,"₦8,000","Gwarinpa, Abuja","House 1, Road 111, Off 3rd Avenue, Gwarimpa"
Nordy Hotels,"₦8,000","Utako, Abuja","No 15 Inuwa Wada Crescent Off TOS Benson Crescent  Behind Utako Primary School, By Okonjo Iweala Street."
Modoc Hotel,"₦8,000","Gwagwalada, Abuja","Along FRCN Road, Kuntunkun"
Allied Suncourt Hotel Apartment,"₦10,750","Wuse, Abuja",52 Harper Cresent Opposite Education Resource Centre Wuse Zone
Morrisson Hotels,"₦7,000","Wuse, Abuja",Plot 2327 Kigoma Street
Blue-view Hotel,"₦7,000","Lugbe, Abuja","Light Gold Estate, Lugbe"
"House 81 Guesthouse, Abuja","₦8,000","FCT, Abuja",No 81 Arsenal Street Suncity Estate
Orient Hotel,"₦7,500","Wuse, Abuja",12 Sudan Street
Hotel De Lamitel Annex,"₦7,500","Kado Kuchi, Abuja","Behind Banex Fly Over, Kado New Gwarinpa Road, F.C.T, Abuja."
Camzy Villa Hotel,"₦7,500","Kubwa, Abuja","Plot 21, Queen Aminah Street, Beside Yellow Page Joint, Kubwa"
Ellicot Citi Suites,"₦7,500","Kubwa, Abuja",Plot CD1 Extention III FCDA Scheme
EXCLUSIVE SMART LOUNGE AND RESORT LTD,"₦8,000",", Abuja","No 13, Zone B5, Utako District, Opposite ABC Transit, Behind FIRS Building Utako Abuja."
Joshua Hotels,"₦7,000","Wuse Zone 5, Abuja","Plot 2424, No. 7, Damba Close , Along Sultan Abubakar Way, Wuse, Abuja"
1 Apartment And Suites ,"₦6,500","Kubwa, Abuja","Plot M175, Extension3, Behind Living Faith Church, Kubwa"
Blumy Guest House,"₦6,555","Gwarinpa, Abuja",51/53 3rd Avenue Gwarinpa
AMBIENCE HOTEL ABUJA,"₦7,000","Abuja, Abuja","27 Ontario Cresent,  Suncity Estate, Lokogoma"
New Rendezvous Hotel,"₦6,000","Wuse 6, Abuja","21, Plot 188, Makeni Street, Zone 6"
Algos Suites ,"₦6,000","Kubwa, Abuja","Plot 106 Commercial Layout, Byazhin Road"
City Transit Inn,"₦6,313","Utako, Abuja","Plot 7, A.E Ekukinam Street, ABC Transport Building"
St Mattias Hotel,"₦6,500","Utako, Abuja",5 Olu Akinfosile Close Off T.O.S Benson Crescent
New City Hotel,"₦6,000","Wuye, Abuja",Plot 576 Gidado Idris Street Wuye
Summit Villa Hotel (Formerly Amenco Hotel),"₦6,000","Life Camp, Abuja",On The Road To Efab Estate Behind Sky Bank At Life Camp Junction
Langfield Royalty Motel,"₦7,000","Garki, Abuja",24 Dunukofia Street Area 11 Opposite Fcda
Power Mike Hotels ,"₦5,000","Garki, Abuja","9 Argungu Close , Off Benue Cresent, Area 1, Garki"
Daniel Suites,"₦5,250","Kubwa, Abuja","Kilometers 82 Sultan Dasuki Way, PW"
Capitol Suites,"₦5,500","Gwagwalada, Abuja",Behind Madonna N/P School Phase III
Akalaka Guest House,"₦6,000","Wuse Zone 6, Abuja",13 Younde Street
Salaam Hospitality,"₦6,000","Gwarinpa, Abuja","No 26 Femi Adetola Street, Off 7th Avenue, Gwarinpa"
Princely Inn And Suites,"₦5,000","Abuja, Abuja","Ado, New Karu"
SeaDry Suites,"₦5,000","Kubwa, Abuja",FCDA Extension III
Z'bass Lounge And Bar,"₦6,000","Gwagwalada, Abuja","Z'bass Lounge And Bar Before Gwagwalada Area Council, Gwagwalada"
Aubit Hotel Limited,"₦5,500","Nyanya, Abuja","Area A, Cadstral Zone"
Roop Hotels Limited,"₦5,000","Kubwa, Abuja","Off PHCN Road, Phase IV, Kubwa, Abuja, FCT"
"Dera International Hotel, Kuje","₦5,000","Kuje, Abuja","Along Medium Security Prison Road, Kuje"
Cowrie Guest House,"₦3,600","Karu, Abuja","No 1, Zanyabelo Street, Jikwoyi Road Dugudna, Off CBN Quarters Junction, Karu, Abuja."
Bisola Lodge,"₦3,500","Lugbe, Abuja","Kings Of Kngs Road, Off Total Filling Station, FHA"
Cupid Suites Restaurant ,"₦4,500","Kubwa, Abuja",Plot C32 Sultan Dasuki Road 2/2 Kubwa
New Under The Wave Hotel,"₦3,500","Gwagwalada, Abuja","Opposite Radio House, Kutunku"
Top Franky Palace Hotel,"₦3,900","Kubwa, Abuja","78/79 Bama Street, Off Gayata Road, Behind Stanbic IBTC Bank"
Cottage Hotel,"₦5,250","Mpape, Abuja",Berger Quarry Road
MS-MARRIOTT APARTMENTS,"₦4,800","Kubwa, Abuja","Plot 28, Allen Avenue Street, Gidi Dutse, Along Gadi Nasko Way , Opposite Ignibis Hotel"
Jeparo Hotel ,"₦3,500","Gwagwalada, Abuja",Kaduna/Lokoja Road
Ignobis Hotel,"₦4,000","Kubwa, Abuja","Plot 147 Cadastral Zone 05-07, Gado Nasko Road, Phase 4"
House 7 ,"₦3,000","Asokoro, Abuja","Plot 913, Behind INEC Quarters, Beside Club 40/40, Behind INEC Quarters, Kuruduma, Asokoro Extension, Abuja."
Riverview Hotel,"₦3,500","Gwagwalada, Abuja","6, Garba Jibril Street, Sharp Corner Road"
Choice Guest House,"₦3,000","Jahi, Abuja","Opposite Vigilante Office, Jahi II, FCT Abuja"
Laredo Hotel,"₦2,000","Mpape, Abuja","8 Jikoko Road By Berger Quarry Road, Mpape"
